{"test_accuracy": 0.8087, "_timestamp": 1716547819.8538492, "_runtime": 12.511645078659058, "_step": 0, "_wandb": {"runtime": 11}}