{"train_loss": 0.29172929158687594, "val_loss": 0.15581443926334382, "val_accuracy": 0.9467200040817261, "epoch": 9, "_timestamp": 1716547678.9786, "_runtime": 1380.3741979599, "_step": 9, "_wandb": {"runtime": 1395}}